ObservedDate,County,State,Year,DOY,FirstiNatReport,FirstInvasion,iNatSince,SinceOfficialInvasion,Count2,,
9/5/2019,NY,NY,2019,248,9/5/2019,8/14/2020,0,-344,1,,
9/22/2019,Kings,NY,2019,265,9/5/2019,8/14/2020,17,-327,1,,
10/5/2019,Queens,NY,2019,278,9/5/2019,8/14/2020,30,-314,1,,
10/12/2019,Orange,NY,2019,285,9/5/2019,8/14/2020,37,-307,1,,
7/15/2020,Richmond,NY,2020,197,9/5/2019,8/14/2020,314,-30,1,,
8/3/2020,Richmond,NY,2020,216,9/5/2019,8/14/2020,333,-11,1,,
8/9/2020,Richmond,NY,2020,222,9/5/2019,8/14/2020,339,-5,1,,
8/10/2020,Nassau,NY,2020,223,9/5/2019,8/14/2020,340,-4,1,,
8/11/2020,Richmond,NY,2020,224,9/5/2019,8/14/2020,341,-3,1,,
8/13/2020,NY,NY,2020,226,9/5/2019,8/14/2020,343,-1,1,,
8/14/2020,Richmond,NY,2020,227,9/5/2019,8/14/2020,344,0,1,,
8/19/2020,Queens,NY,2020,232,9/5/2019,8/14/2020,349,5,1,,
8/23/2020,NY,NY,2020,236,9/5/2019,8/14/2020,353,9,1,,
8/25/2020,NY,NY,2020,238,9/5/2019,8/14/2020,355,11,1,,
8/27/2020,Queens,NY,2020,240,9/5/2019,8/14/2020,357,13,1,,
8/29/2020,NY,NY,2020,242,9/5/2019,8/14/2020,359,15,1,,
8/31/2020,Nassau,NY,2020,244,9/5/2019,8/14/2020,361,17,1,,
9/3/2020,Suffolk,NY,2020,247,9/5/2019,8/14/2020,364,20,1,,
9/4/2020,Kings,NY,2020,248,9/5/2019,8/14/2020,365,21,1,,
9/4/2020,NY,NY,2020,248,9/5/2019,8/14/2020,365,21,2,,
9/5/2020,Queens,NY,2020,249,9/5/2019,8/14/2020,366,22,1,,
9/5/2020,NY,NY,2020,249,9/5/2019,8/14/2020,366,22,10,,
9/6/2020,NY,NY,2020,250,9/5/2019,8/14/2020,367,23,2,,
9/7/2020,NY,NY,2020,251,9/5/2019,8/14/2020,368,24,1,,
9/7/2020,Richmond,NY,2020,251,9/5/2019,8/14/2020,368,24,2,,
9/8/2020,NY,NY,2020,252,9/5/2019,8/14/2020,369,25,6,,
9/9/2020,NY,NY,2020,253,9/5/2019,8/14/2020,370,26,2,,
9/11/2020,NY,NY,2020,255,9/5/2019,8/14/2020,372,28,1,,
9/12/2020,Kings,NY,2020,256,9/5/2019,8/14/2020,373,29,1,,
9/12/2020,Orange,NY,2020,256,9/5/2019,8/14/2020,373,29,1,,
9/15/2020,NY,NY,2020,259,9/5/2019,8/14/2020,376,32,1,,
9/16/2020,Richmond,NY,2020,260,9/5/2019,8/14/2020,377,33,1,,
9/25/2020,Richmond,NY,2020,269,9/5/2019,8/14/2020,386,42,1,,
9/26/2020,NY,NY,2020,270,9/5/2019,8/14/2020,387,43,1,,
9/27/2020,NY,NY,2020,271,9/5/2019,8/14/2020,388,44,1,,
10/1/2020,Richmond,NY,2020,275,9/5/2019,8/14/2020,392,48,1,,
10/2/2020,Richmond,NY,2020,276,9/5/2019,8/14/2020,393,49,1,,
10/8/2020,Richmond,NY,2020,282,9/5/2019,8/14/2020,399,55,1,,
10/14/2020,NY,NY,2020,288,9/5/2019,8/14/2020,405,61,1,,
10/18/2020,Ulster,NY,2020,292,9/5/2019,8/14/2020,409,65,1,,
11/8/2020,Richmond,NY,2020,313,9/5/2019,8/14/2020,430,86,2,,
11/25/2020,Richmond,NY,2020,330,9/5/2019,8/14/2020,447,103,1,,
12/10/2020,Kings,NY,2020,345,9/5/2019,8/14/2020,462,118,1,,
1/10/2021,Richmond,NY,2021,10,9/5/2019,8/14/2020,493,149,1,,
4/19/2021,Rockland,NY,2021,109,9/5/2019,8/14/2020,592,248,1,,
5/19/2021,Richmond,NY,2021,139,9/5/2019,8/14/2020,622,278,1,,
5/23/2021,NY,NY,2021,143,9/5/2019,8/14/2020,626,282,1,,
5/24/2021,Richmond,NY,2021,144,9/5/2019,8/14/2020,627,283,1,,
5/25/2021,Richmond,NY,2021,145,9/5/2019,8/14/2020,628,284,2,,
6/4/2021,Richmond,NY,2021,155,9/5/2019,8/14/2020,638,294,1,,
6/15/2021,NY,NY,2021,166,9/5/2019,8/14/2020,649,305,1,,
6/20/2021,Richmond,NY,2021,171,9/5/2019,8/14/2020,654,310,1,,
7/4/2021,NY,NY,2021,185,9/5/2019,8/14/2020,668,324,1,,
7/5/2021,Richmond,NY,2021,186,9/5/2019,8/14/2020,669,325,1,,
7/6/2021,Richmond,NY,2021,187,9/5/2019,8/14/2020,670,326,1,,
7/7/2021,Rockland,NY,2021,188,9/5/2019,8/14/2020,671,327,1,,
7/8/2021,NY,NY,2021,189,9/5/2019,8/14/2020,672,328,1,,
7/11/2021,Richmond,NY,2021,192,9/5/2019,8/14/2020,675,331,1,,
7/15/2021,NY,NY,2021,196,9/5/2019,8/14/2020,679,335,1,,
7/16/2021,Rockland,NY,2021,197,9/5/2019,8/14/2020,680,336,2,,
7/18/2021,Queens,NY,2021,199,9/5/2019,8/14/2020,682,338,1,,
7/18/2021,Richmond,NY,2021,199,9/5/2019,8/14/2020,682,338,2,,
7/19/2021,Richmond,NY,2021,200,9/5/2019,8/14/2020,683,339,1,,
7/19/2021,NY,NY,2021,200,9/5/2019,8/14/2020,683,339,3,,
7/20/2021,Richmond,NY,2021,201,9/5/2019,8/14/2020,684,340,1,,
7/22/2021,Richmond,NY,2021,203,9/5/2019,8/14/2020,686,342,1,,
7/23/2021,Richmond,NY,2021,204,9/5/2019,8/14/2020,687,343,1,,
7/26/2021,NY,NY,2021,207,9/5/2019,8/14/2020,690,346,1,,
7/26/2021,Richmond,NY,2021,207,9/5/2019,8/14/2020,690,346,1,,
7/26/2021,Rockland,NY,2021,207,9/5/2019,8/14/2020,690,346,2,,
7/27/2021,Kings,NY,2021,208,9/5/2019,8/14/2020,691,347,1,,
7/27/2021,Richmond,NY,2021,208,9/5/2019,8/14/2020,691,347,1,,
7/27/2021,NY,NY,2021,208,9/5/2019,8/14/2020,691,347,5,,
7/28/2021,Queens,NY,2021,209,9/5/2019,8/14/2020,692,348,1,,
7/28/2021,Rockland,NY,2021,209,9/5/2019,8/14/2020,692,348,1,,
7/28/2021,NY,NY,2021,209,9/5/2019,8/14/2020,692,348,3,,
7/28/2021,Richmond,NY,2021,209,9/5/2019,8/14/2020,692,348,3,,
7/28/2021,Kings,NY,2021,209,9/5/2019,8/14/2020,692,348,5,,
7/29/2021,NY,NY,2021,210,9/5/2019,8/14/2020,693,349,1,,
7/29/2021,Richmond,NY,2021,210,9/5/2019,8/14/2020,693,349,2,,
7/30/2021,Kings,NY,2021,211,9/5/2019,8/14/2020,694,350,1,,
7/30/2021,NY,NY,2021,211,9/5/2019,8/14/2020,694,350,4,,
7/31/2021,NY,NY,2021,212,9/5/2019,8/14/2020,695,351,2,,
8/1/2021,Nassau,NY,2021,213,9/5/2019,8/14/2020,696,352,1,,
8/2/2021,Kings,NY,2021,214,9/5/2019,8/14/2020,697,353,1,,
8/2/2021,Richmond,NY,2021,214,9/5/2019,8/14/2020,697,353,1,,
8/3/2021,Queens,NY,2021,215,9/5/2019,8/14/2020,698,354,1,,
8/3/2021,Richmond,NY,2021,215,9/5/2019,8/14/2020,698,354,1,,
8/3/2021,Kings,NY,2021,215,9/5/2019,8/14/2020,698,354,2,,
8/3/2021,NY,NY,2021,215,9/5/2019,8/14/2020,698,354,2,,
8/4/2021,Richmond,NY,2021,216,9/5/2019,8/14/2020,699,355,2,,
8/4/2021,NY,NY,2021,216,9/5/2019,8/14/2020,699,355,3,,
8/5/2021,Richmond,NY,2021,217,9/5/2019,8/14/2020,700,356,2,,
8/5/2021,NY,NY,2021,217,9/5/2019,8/14/2020,700,356,3,,
8/6/2021,Bronx,NY,2021,218,9/5/2019,8/14/2020,701,357,1,,
8/6/2021,NY,NY,2021,218,9/5/2019,8/14/2020,701,357,1,,
8/6/2021,Richmond,NY,2021,218,9/5/2019,8/14/2020,701,357,1,,
8/7/2021,Kings,NY,2021,219,9/5/2019,8/14/2020,702,358,2,,
8/7/2021,NY,NY,2021,219,9/5/2019,8/14/2020,702,358,2,,
8/7/2021,Richmond,NY,2021,219,9/5/2019,8/14/2020,702,358,2,,
8/8/2021,NY,NY,2021,220,9/5/2019,8/14/2020,703,359,5,,
8/9/2021,NY,NY,2021,221,9/5/2019,8/14/2020,704,360,6,,
8/10/2021,Bronx,NY,2021,222,9/5/2019,8/14/2020,705,361,1,,
8/10/2021,Queens,NY,2021,222,9/5/2019,8/14/2020,705,361,1,,
8/10/2021,Orange,NY,2021,222,9/5/2019,8/14/2020,705,361,2,,
8/10/2021,NY,NY,2021,222,9/5/2019,8/14/2020,705,361,8,,
8/11/2021,Kings,NY,2021,223,9/5/2019,8/14/2020,706,362,1,,
8/11/2021,Queens,NY,2021,223,9/5/2019,8/14/2020,706,362,1,,
8/11/2021,Richmond,NY,2021,223,9/5/2019,8/14/2020,706,362,2,,
8/11/2021,NY,NY,2021,223,9/5/2019,8/14/2020,706,362,3,,
8/12/2021,Bronx,NY,2021,224,9/5/2019,8/14/2020,707,363,1,,
8/12/2021,Queens,NY,2021,224,9/5/2019,8/14/2020,707,363,3,,
8/12/2021,Richmond,NY,2021,224,9/5/2019,8/14/2020,707,363,3,,
8/12/2021,NY,NY,2021,224,9/5/2019,8/14/2020,707,363,10,,
8/13/2021,Kings,NY,2021,225,9/5/2019,8/14/2020,708,364,2,,
8/13/2021,Queens,NY,2021,225,9/5/2019,8/14/2020,708,364,2,,
8/13/2021,NY,NY,2021,225,9/5/2019,8/14/2020,708,364,12,,
8/14/2021,Bronx,NY,2021,226,9/5/2019,8/14/2020,709,365,2,,
8/14/2021,Richmond,NY,2021,226,9/5/2019,8/14/2020,709,365,2,,
8/14/2021,Queens,NY,2021,226,9/5/2019,8/14/2020,709,365,4,,
8/14/2021,Kings,NY,2021,226,9/5/2019,8/14/2020,709,365,6,,
8/14/2021,NY,NY,2021,226,9/5/2019,8/14/2020,709,365,7,,
8/15/2021,Richmond,NY,2021,227,9/5/2019,8/14/2020,710,366,1,,
8/15/2021,Bronx,NY,2021,227,9/5/2019,8/14/2020,710,366,2,,
8/15/2021,Queens,NY,2021,227,9/5/2019,8/14/2020,710,366,3,,
8/15/2021,NY,NY,2021,227,9/5/2019,8/14/2020,710,366,5,,
8/15/2021,Kings,NY,2021,227,9/5/2019,8/14/2020,710,366,6,,
8/16/2021,Westchester,NY,2021,228,9/5/2019,8/14/2020,711,367,1,,
8/16/2021,Kings,NY,2021,228,9/5/2019,8/14/2020,711,367,2,,
8/16/2021,Richmond,NY,2021,228,9/5/2019,8/14/2020,711,367,4,,
8/16/2021,NY,NY,2021,228,9/5/2019,8/14/2020,711,367,8,,
8/17/2021,Kings,NY,2021,229,9/5/2019,8/14/2020,712,368,1,,
8/17/2021,Richmond,NY,2021,229,9/5/2019,8/14/2020,712,368,1,,
8/17/2021,NY,NY,2021,229,9/5/2019,8/14/2020,712,368,5,,
8/18/2021,Richmond,NY,2021,230,9/5/2019,8/14/2020,713,369,1,,
8/18/2021,NY,NY,2021,230,9/5/2019,8/14/2020,713,369,8,,
8/18/2021,Kings,NY,2021,230,9/5/2019,8/14/2020,713,369,10,,
8/19/2021,Kings,NY,2021,231,9/5/2019,8/14/2020,714,370,1,,
8/19/2021,NY,NY,2021,231,9/5/2019,8/14/2020,714,370,1,,
8/19/2021,Richmond,NY,2021,231,9/5/2019,8/14/2020,714,370,3,,
8/20/2021,Kings,NY,2021,232,9/5/2019,8/14/2020,715,371,3,,
8/20/2021,NY,NY,2021,232,9/5/2019,8/14/2020,715,371,4,,
8/21/2021,Hamilton,NY,2021,233,9/5/2019,8/14/2020,716,372,1,,
8/21/2021,Richmond,NY,2021,233,9/5/2019,8/14/2020,716,372,1,,
8/21/2021,Kings,NY,2021,233,9/5/2019,8/14/2020,716,372,3,,
8/21/2021,NY,NY,2021,233,9/5/2019,8/14/2020,716,372,3,,
8/23/2021,Kings,NY,2021,235,9/5/2019,8/14/2020,718,374,1,,
8/23/2021,Richmond,NY,2021,235,9/5/2019,8/14/2020,718,374,1,,
8/23/2021,NY,NY,2021,235,9/5/2019,8/14/2020,718,374,3,,
8/24/2021,Queens,NY,2021,236,9/5/2019,8/14/2020,719,375,1,,
8/24/2021,Richmond,NY,2021,236,9/5/2019,8/14/2020,719,375,2,,
8/24/2021,Kings,NY,2021,236,9/5/2019,8/14/2020,719,375,3,,
8/24/2021,NY,NY,2021,236,9/5/2019,8/14/2020,719,375,11,,
8/25/2021,Kings,NY,2021,237,9/5/2019,8/14/2020,720,376,4,,
8/25/2021,Queens,NY,2021,237,9/5/2019,8/14/2020,720,376,6,,
8/25/2021,Richmond,NY,2021,237,9/5/2019,8/14/2020,720,376,6,,
8/25/2021,NY,NY,2021,237,9/5/2019,8/14/2020,720,376,11,,
8/26/2021,Richmond,NY,2021,238,9/5/2019,8/14/2020,721,377,4,,
8/26/2021,Kings,NY,2021,238,9/5/2019,8/14/2020,721,377,6,,
8/26/2021,NY,NY,2021,238,9/5/2019,8/14/2020,721,377,13,,
8/27/2021,Kings,NY,2021,239,9/5/2019,8/14/2020,722,378,1,,
8/27/2021,Queens,NY,2021,239,9/5/2019,8/14/2020,722,378,1,,
8/27/2021,NY,NY,2021,239,9/5/2019,8/14/2020,722,378,8,,
8/28/2021,Kings,NY,2021,240,9/5/2019,8/14/2020,723,379,1,,
8/28/2021,Queens,NY,2021,240,9/5/2019,8/14/2020,723,379,3,,
8/28/2021,Richmond,NY,2021,240,9/5/2019,8/14/2020,723,379,4,,
8/28/2021,NY,NY,2021,240,9/5/2019,8/14/2020,723,379,14,,
8/29/2021,Queens,NY,2021,241,9/5/2019,8/14/2020,724,380,2,,
8/29/2021,Richmond,NY,2021,241,9/5/2019,8/14/2020,724,380,4,,
8/29/2021,Kings,NY,2021,241,9/5/2019,8/14/2020,724,380,6,,
8/29/2021,NY,NY,2021,241,9/5/2019,8/14/2020,724,380,7,,
8/30/2021,Kings,NY,2021,242,9/5/2019,8/14/2020,725,381,2,,
8/30/2021,Queens,NY,2021,242,9/5/2019,8/14/2020,725,381,2,,
8/30/2021,Richmond,NY,2021,242,9/5/2019,8/14/2020,725,381,3,,
8/30/2021,NY,NY,2021,242,9/5/2019,8/14/2020,725,381,7,,
8/31/2021,Richmond,NY,2021,243,9/5/2019,8/14/2020,726,382,3,,
8/31/2021,Kings,NY,2021,243,9/5/2019,8/14/2020,726,382,6,,
8/31/2021,NY,NY,2021,243,9/5/2019,8/14/2020,726,382,17,,
9/1/2021,Bronx,NY,2021,244,9/5/2019,8/14/2020,727,383,1,,
9/1/2021,NY,NY,2021,244,9/5/2019,8/14/2020,727,383,2,,
9/1/2021,Kings,NY,2021,244,9/5/2019,8/14/2020,727,383,3,,
9/2/2021,Westchester,NY,2021,245,9/5/2019,8/14/2020,728,384,1,,
9/2/2021,Kings,NY,2021,245,9/5/2019,8/14/2020,728,384,2,,
9/2/2021,Richmond,NY,2021,245,9/5/2019,8/14/2020,728,384,3,,
9/2/2021,NY,NY,2021,245,9/5/2019,8/14/2020,728,384,6,,
9/3/2021,Kings,NY,2021,246,9/5/2019,8/14/2020,729,385,4,,
9/3/2021,Queens,NY,2021,246,9/5/2019,8/14/2020,729,385,5,,
9/3/2021,NY,NY,2021,246,9/5/2019,8/14/2020,729,385,12,,
9/4/2021,Queens,NY,2021,247,9/5/2019,8/14/2020,730,386,1,,
9/4/2021,Richmond,NY,2021,247,9/5/2019,8/14/2020,730,386,2,,
9/4/2021,Kings,NY,2021,247,9/5/2019,8/14/2020,730,386,3,,
9/4/2021,NY,NY,2021,247,9/5/2019,8/14/2020,730,386,8,,
9/5/2021,Dutchess,NY,2021,248,9/5/2019,8/14/2020,731,387,1,,
9/5/2021,Queens,NY,2021,248,9/5/2019,8/14/2020,731,387,1,,
9/5/2021,Richmond,NY,2021,248,9/5/2019,8/14/2020,731,387,1,,
9/5/2021,NY,NY,2021,248,9/5/2019,8/14/2020,731,387,2,,
9/5/2021,Kings,NY,2021,248,9/5/2019,8/14/2020,731,387,7,,
9/6/2021,Nassau,NY,2021,249,9/5/2019,8/14/2020,732,388,1,,
9/6/2021,Queens,NY,2021,249,9/5/2019,8/14/2020,732,388,3,,
9/6/2021,Richmond,NY,2021,249,9/5/2019,8/14/2020,732,388,4,,
9/6/2021,Kings,NY,2021,249,9/5/2019,8/14/2020,732,388,8,,
9/6/2021,NY,NY,2021,249,9/5/2019,8/14/2020,732,388,15,,
9/7/2021,Queens,NY,2021,250,9/5/2019,8/14/2020,733,389,1,,
9/7/2021,Suffolk,NY,2021,250,9/5/2019,8/14/2020,733,389,1,,
9/7/2021,Kings,NY,2021,250,9/5/2019,8/14/2020,733,389,3,,
9/7/2021,Richmond,NY,2021,250,9/5/2019,8/14/2020,733,389,5,,
9/7/2021,NY,NY,2021,250,9/5/2019,8/14/2020,733,389,28,,
9/8/2021,Richmond,NY,2021,251,9/5/2019,8/14/2020,734,390,1,,
9/8/2021,Kings,NY,2021,251,9/5/2019,8/14/2020,734,390,3,,
9/8/2021,NY,NY,2021,251,9/5/2019,8/14/2020,734,390,24,,
9/9/2021,Kings,NY,2021,252,9/5/2019,8/14/2020,735,391,1,,
9/9/2021,NY,NY,2021,252,9/5/2019,8/14/2020,735,391,4,,
9/10/2021,Queens,NY,2021,253,9/5/2019,8/14/2020,736,392,1,,
9/10/2021,Richmond,NY,2021,253,9/5/2019,8/14/2020,736,392,2,,
9/10/2021,Kings,NY,2021,253,9/5/2019,8/14/2020,736,392,4,,
9/10/2021,NY,NY,2021,253,9/5/2019,8/14/2020,736,392,5,,
9/11/2021,Bronx,NY,2021,254,9/5/2019,8/14/2020,737,393,2,,
9/11/2021,Queens,NY,2021,254,9/5/2019,8/14/2020,737,393,3,,
9/11/2021,Kings,NY,2021,254,9/5/2019,8/14/2020,737,393,4,,
9/11/2021,Richmond,NY,2021,254,9/5/2019,8/14/2020,737,393,7,,
9/11/2021,NY,NY,2021,254,9/5/2019,8/14/2020,737,393,20,,
9/12/2021,Queens,NY,2021,255,9/5/2019,8/14/2020,738,394,1,,
9/12/2021,Nassau,NY,2021,255,9/5/2019,8/14/2020,738,394,2,,
9/12/2021,Richmond,NY,2021,255,9/5/2019,8/14/2020,738,394,4,,
9/12/2021,Kings,NY,2021,255,9/5/2019,8/14/2020,738,394,7,,
9/12/2021,NY,NY,2021,255,9/5/2019,8/14/2020,738,394,19,,
9/13/2021,Bronx,NY,2021,256,9/5/2019,8/14/2020,739,395,1,,
9/13/2021,Queens,NY,2021,256,9/5/2019,8/14/2020,739,395,1,,
9/13/2021,Richmond,NY,2021,256,9/5/2019,8/14/2020,739,395,1,,
9/13/2021,Kings,NY,2021,256,9/5/2019,8/14/2020,739,395,4,,
9/13/2021,NY,NY,2021,256,9/5/2019,8/14/2020,739,395,13,,
9/14/2021,Queens,NY,2021,257,9/5/2019,8/14/2020,740,396,1,,
9/14/2021,Richmond,NY,2021,257,9/5/2019,8/14/2020,740,396,3,,
9/14/2021,Kings,NY,2021,257,9/5/2019,8/14/2020,740,396,7,,
9/14/2021,NY,NY,2021,257,9/5/2019,8/14/2020,740,396,14,,
9/15/2021,Orange,NY,2021,258,9/5/2019,8/14/2020,741,397,1,,
9/15/2021,Queens,NY,2021,258,9/5/2019,8/14/2020,741,397,1,,
9/15/2021,Kings,NY,2021,258,9/5/2019,8/14/2020,741,397,2,,
9/15/2021,Richmond,NY,2021,258,9/5/2019,8/14/2020,741,397,2,,
9/15/2021,NY,NY,2021,258,9/5/2019,8/14/2020,741,397,13,,
9/16/2021,Queens,NY,2021,259,9/5/2019,8/14/2020,742,398,1,,
9/16/2021,Richmond,NY,2021,259,9/5/2019,8/14/2020,742,398,2,,
9/16/2021,Kings,NY,2021,259,9/5/2019,8/14/2020,742,398,3,,
9/16/2021,NY,NY,2021,259,9/5/2019,8/14/2020,742,398,9,,
9/17/2021,Queens,NY,2021,260,9/5/2019,8/14/2020,743,399,1,,
9/17/2021,Bronx,NY,2021,260,9/5/2019,8/14/2020,743,399,2,,
9/17/2021,Kings,NY,2021,260,9/5/2019,8/14/2020,743,399,4,,
9/17/2021,NY,NY,2021,260,9/5/2019,8/14/2020,743,399,6,,
9/18/2021,Queens,NY,2021,261,9/5/2019,8/14/2020,744,400,2,,
9/18/2021,Richmond,NY,2021,261,9/5/2019,8/14/2020,744,400,3,,
9/18/2021,Kings,NY,2021,261,9/5/2019,8/14/2020,744,400,6,,
9/18/2021,NY,NY,2021,261,9/5/2019,8/14/2020,744,400,14,,
9/19/2021,Nassau,NY,2021,262,9/5/2019,8/14/2020,745,401,1,,
9/19/2021,Queens,NY,2021,262,9/5/2019,8/14/2020,745,401,1,,
9/19/2021,Kings,NY,2021,262,9/5/2019,8/14/2020,745,401,4,,
9/19/2021,NY,NY,2021,262,9/5/2019,8/14/2020,745,401,11,,
9/20/2021,Richmond,NY,2021,263,9/5/2019,8/14/2020,746,402,1,,
9/20/2021,Kings,NY,2021,263,9/5/2019,8/14/2020,746,402,3,,
9/20/2021,NY,NY,2021,263,9/5/2019,8/14/2020,746,402,9,,
9/21/2021,Kings,NY,2021,264,9/5/2019,8/14/2020,747,403,2,,
9/21/2021,Richmond,NY,2021,264,9/5/2019,8/14/2020,747,403,2,,
9/21/2021,NY,NY,2021,264,9/5/2019,8/14/2020,747,403,12,,
9/22/2021,NY,NY,2021,265,9/5/2019,8/14/2020,748,404,3,,
9/22/2021,Kings,NY,2021,265,9/5/2019,8/14/2020,748,404,4,,
9/23/2021,Kings,NY,2021,266,9/5/2019,8/14/2020,749,405,1,,
9/23/2021,Queens,NY,2021,266,9/5/2019,8/14/2020,749,405,1,,
9/23/2021,NY,NY,2021,266,9/5/2019,8/14/2020,749,405,4,,
9/24/2021,Queens,NY,2021,267,9/5/2019,8/14/2020,750,406,1,,
9/24/2021,Kings,NY,2021,267,9/5/2019,8/14/2020,750,406,2,,
9/24/2021,Richmond,NY,2021,267,9/5/2019,8/14/2020,750,406,2,,
9/24/2021,NY,NY,2021,267,9/5/2019,8/14/2020,750,406,5,,
9/25/2021,Bronx,NY,2021,268,9/5/2019,8/14/2020,751,407,1,,
9/25/2021,Queens,NY,2021,268,9/5/2019,8/14/2020,751,407,1,,
9/25/2021,Richmond,NY,2021,268,9/5/2019,8/14/2020,751,407,1,,
9/25/2021,Kings,NY,2021,268,9/5/2019,8/14/2020,751,407,4,,
9/25/2021,NY,NY,2021,268,9/5/2019,8/14/2020,751,407,6,,
9/26/2021,Kings,NY,2021,269,9/5/2019,8/14/2020,752,408,1,,
9/26/2021,Queens,NY,2021,269,9/5/2019,8/14/2020,752,408,1,,
9/26/2021,Richmond,NY,2021,269,9/5/2019,8/14/2020,752,408,1,,
9/26/2021,NY,NY,2021,269,9/5/2019,8/14/2020,752,408,6,,
9/27/2021,Kings,NY,2021,270,9/5/2019,8/14/2020,753,409,3,,
9/27/2021,NY,NY,2021,270,9/5/2019,8/14/2020,753,409,15,,
9/29/2021,NY,NY,2021,272,9/5/2019,8/14/2020,755,411,13,,
9/30/2021,Kings,NY,2021,273,9/5/2019,8/14/2020,756,412,1,,
9/30/2021,Richmond,NY,2021,273,9/5/2019,8/14/2020,756,412,1,,
10/1/2021,Queens,NY,2021,274,9/5/2019,8/14/2020,757,413,1,,
10/1/2021,Richmond,NY,2021,274,9/5/2019,8/14/2020,757,413,1,,
10/1/2021,Kings,NY,2021,274,9/5/2019,8/14/2020,757,413,2,,
10/1/2021,NY,NY,2021,274,9/5/2019,8/14/2020,757,413,8,,
10/2/2021,Queens,NY,2021,275,9/5/2019,8/14/2020,758,414,1,,
10/2/2021,Sullivan,NY,2021,275,9/5/2019,8/14/2020,758,414,1,,
10/2/2021,Kings,NY,2021,275,9/5/2019,8/14/2020,758,414,4,,
10/2/2021,NY,NY,2021,275,9/5/2019,8/14/2020,758,414,4,,
10/3/2021,Bronx,NY,2021,276,9/5/2019,8/14/2020,759,415,1,,
10/3/2021,Queens,NY,2021,276,9/5/2019,8/14/2020,759,415,2,,
10/3/2021,Kings,NY,2021,276,9/5/2019,8/14/2020,759,415,4,,
10/3/2021,NY,NY,2021,276,9/5/2019,8/14/2020,759,415,10,,
10/4/2021,Queens,NY,2021,277,9/5/2019,8/14/2020,760,416,1,,
10/5/2021,Richmond,NY,2021,278,9/5/2019,8/14/2020,761,417,1,,
10/5/2021,Kings,NY,2021,278,9/5/2019,8/14/2020,761,417,2,,
10/5/2021,NY,NY,2021,278,9/5/2019,8/14/2020,761,417,3,,
10/6/2021,Richmond,NY,2021,279,9/5/2019,8/14/2020,762,418,2,,
10/6/2021,NY,NY,2021,279,9/5/2019,8/14/2020,762,418,8,,
10/7/2021,Kings,NY,2021,280,9/5/2019,8/14/2020,763,419,1,,
10/7/2021,NY,NY,2021,280,9/5/2019,8/14/2020,763,419,2,,
10/8/2021,Queens,NY,2021,281,9/5/2019,8/14/2020,764,420,1,,
10/8/2021,Kings,NY,2021,281,9/5/2019,8/14/2020,764,420,3,,
10/8/2021,NY,NY,2021,281,9/5/2019,8/14/2020,764,420,3,,
10/9/2021,Kings,NY,2021,282,9/5/2019,8/14/2020,765,421,1,,
10/9/2021,Queens,NY,2021,282,9/5/2019,8/14/2020,765,421,1,,
10/9/2021,NY,NY,2021,282,9/5/2019,8/14/2020,765,421,2,,
10/9/2021,Richmond,NY,2021,282,9/5/2019,8/14/2020,765,421,2,,
10/10/2021,NY,NY,2021,283,9/5/2019,8/14/2020,766,422,3,,
10/11/2021,Kings,NY,2021,284,9/5/2019,8/14/2020,767,423,1,,
10/11/2021,Queens,NY,2021,284,9/5/2019,8/14/2020,767,423,1,,
10/11/2021,Richmond,NY,2021,284,9/5/2019,8/14/2020,767,423,1,,
10/11/2021,NY,NY,2021,284,9/5/2019,8/14/2020,767,423,3,,
10/12/2021,Queens,NY,2021,285,9/5/2019,8/14/2020,768,424,2,,
10/12/2021,Richmond,NY,2021,285,9/5/2019,8/14/2020,768,424,2,,
10/12/2021,NY,NY,2021,285,9/5/2019,8/14/2020,768,424,3,,
10/13/2021,Kings,NY,2021,286,9/5/2019,8/14/2020,769,425,2,,
10/13/2021,NY,NY,2021,286,9/5/2019,8/14/2020,769,425,2,,
10/14/2021,Sullivan,NY,2021,287,9/5/2019,8/14/2020,770,426,1,,
10/14/2021,NY,NY,2021,287,9/5/2019,8/14/2020,770,426,2,,
10/15/2021,Kings,NY,2021,288,9/5/2019,8/14/2020,771,427,1,,
10/16/2021,Westchester,NY,2021,289,9/5/2019,8/14/2020,772,428,1,,
10/16/2021,NY,NY,2021,289,9/5/2019,8/14/2020,772,428,2,,
10/17/2021,Kings,NY,2021,290,9/5/2019,8/14/2020,773,429,1,,
10/17/2021,Queens,NY,2021,290,9/5/2019,8/14/2020,773,429,1,,
10/17/2021,Richmond,NY,2021,290,9/5/2019,8/14/2020,773,429,1,,
10/18/2021,Queens,NY,2021,291,9/5/2019,8/14/2020,774,430,1,,
10/18/2021,Kings,NY,2021,291,9/5/2019,8/14/2020,774,430,2,,
10/18/2021,NY,NY,2021,291,9/5/2019,8/14/2020,774,430,2,,
10/19/2021,Kings,NY,2021,292,9/5/2019,8/14/2020,775,431,1,,
10/21/2021,NY,NY,2021,294,9/5/2019,8/14/2020,777,433,1,,
10/21/2021,Queens,NY,2021,294,9/5/2019,8/14/2020,777,433,1,,
10/22/2021,Kings,NY,2021,295,9/5/2019,8/14/2020,778,434,1,,
10/23/2021,Kings,NY,2021,296,9/5/2019,8/14/2020,779,435,2,,
10/24/2021,Richmond,NY,2021,297,9/5/2019,8/14/2020,780,436,1,,
10/24/2021,Queens,NY,2021,297,9/5/2019,8/14/2020,780,436,2,,
10/25/2021,Bronx,NY,2021,298,9/5/2019,8/14/2020,781,437,1,,
10/26/2021,Richmond,NY,2021,299,9/5/2019,8/14/2020,782,438,1,,
10/27/2021,Queens,NY,2021,300,9/5/2019,8/14/2020,783,439,1,,
10/28/2021,Richmond,NY,2021,301,9/5/2019,8/14/2020,784,440,1,,
10/28/2021,NY,NY,2021,301,9/5/2019,8/14/2020,784,440,3,,
10/30/2021,NY,NY,2021,303,9/5/2019,8/14/2020,786,442,1,,
10/31/2021,Bronx,NY,2021,304,9/5/2019,8/14/2020,787,443,1,,
11/2/2021,Queens,NY,2021,306,9/5/2019,8/14/2020,789,445,1,,
11/3/2021,Kings,NY,2021,307,9/5/2019,8/14/2020,790,446,1,,
11/6/2021,Kings,NY,2021,310,9/5/2019,8/14/2020,793,449,1,,
11/6/2021,Westchester,NY,2021,310,9/5/2019,8/14/2020,793,449,1,,
11/10/2021,Richmond,NY,2021,314,9/5/2019,8/14/2020,797,453,1,,
11/11/2021,NY,NY,2021,315,9/5/2019,8/14/2020,798,454,2,,
11/13/2021,NY,NY,2021,317,9/5/2019,8/14/2020,800,456,1,,
11/15/2021,Kings,NY,2021,319,9/5/2019,8/14/2020,802,458,1,,
11/18/2021,Kings,NY,2021,322,9/5/2019,8/14/2020,805,461,2,,
11/19/2021,NY,NY,2021,323,9/5/2019,8/14/2020,806,462,1,,
12/12/2021,Richmond,NY,2021,346,9/5/2019,8/14/2020,829,485,1,,
12/16/2021,NY,NY,2021,350,9/5/2019,8/14/2020,833,489,1,,
12/21/2021,Kings,NY,2021,355,9/5/2019,8/14/2020,838,494,1,,
1/9/2022,Kings,NY,2022,9,9/5/2019,8/14/2020,857,513,11,,
1/20/2022,Kings,NY,2022,20,9/5/2019,8/14/2020,868,524,1,,
2/10/2022,Queens,NY,2022,41,9/5/2019,8/14/2020,889,545,1,,
2/17/2022,Richmond,NY,2022,48,9/5/2019,8/14/2020,896,552,1,,
2/25/2022,NY,NY,2022,56,9/5/2019,8/14/2020,904,560,1,,
3/4/2022,NY,NY,2022,63,9/5/2019,8/14/2020,911,567,1,,
3/15/2022,Kings,NY,2022,74,9/5/2019,8/14/2020,922,578,1,,
3/29/2022,NY,NY,2022,88,9/5/2019,8/14/2020,936,592,3,,
4/5/2022,Kings,NY,2022,95,9/5/2019,8/14/2020,943,599,5,,
4/10/2022,Kings,NY,2022,100,9/5/2019,8/14/2020,948,604,3,,
4/30/2022,Richmond,NY,2022,120,9/5/2019,8/14/2020,968,624,1,,
5/10/2022,Kings,NY,2022,130,9/5/2019,8/14/2020,978,634,1,,
5/13/2022,Kings,NY,2022,133,9/5/2019,8/14/2020,981,637,1,,
5/16/2022,Kings,NY,2022,136,9/5/2019,8/14/2020,984,640,2,,
5/17/2022,NY,NY,2022,137,9/5/2019,8/14/2020,985,641,1,,
5/17/2022,Richmond,NY,2022,137,9/5/2019,8/14/2020,985,641,1,,
5/17/2022,Kings,NY,2022,137,9/5/2019,8/14/2020,985,641,4,,
5/18/2022,Queens,NY,2022,138,9/5/2019,8/14/2020,986,642,1,,
5/18/2022,Richmond,NY,2022,138,9/5/2019,8/14/2020,986,642,1,,
5/18/2022,Kings,NY,2022,138,9/5/2019,8/14/2020,986,642,9,,
5/21/2022,Queens,NY,2022,141,9/5/2019,8/14/2020,989,645,1,,
5/21/2022,Kings,NY,2022,141,9/5/2019,8/14/2020,989,645,4,,
5/22/2022,NY,NY,2022,142,9/5/2019,8/14/2020,990,646,1,,
5/22/2022,Kings,NY,2022,142,9/5/2019,8/14/2020,990,646,6,,
5/23/2022,Richmond,NY,2022,143,9/5/2019,8/14/2020,991,647,1,,
5/23/2022,NY,NY,2022,143,9/5/2019,8/14/2020,991,647,4,,
5/23/2022,Kings,NY,2022,143,9/5/2019,8/14/2020,991,647,5,,
5/24/2022,Richmond,NY,2022,144,9/5/2019,8/14/2020,992,648,3,,
5/24/2022,Kings,NY,2022,144,9/5/2019,8/14/2020,992,648,7,,
5/25/2022,Kings,NY,2022,145,9/5/2019,8/14/2020,993,649,1,,
5/25/2022,NY,NY,2022,145,9/5/2019,8/14/2020,993,649,1,,
5/25/2022,Richmond,NY,2022,145,9/5/2019,8/14/2020,993,649,1,,
5/26/2022,Richmond,NY,2022,146,9/5/2019,8/14/2020,994,650,1,,
5/26/2022,NY,NY,2022,146,9/5/2019,8/14/2020,994,650,4,,
5/27/2022,Richmond,NY,2022,147,9/5/2019,8/14/2020,995,651,2,,
5/27/2022,Kings,NY,2022,147,9/5/2019,8/14/2020,995,651,8,,
5/28/2022,Queens,NY,2022,148,9/5/2019,8/14/2020,996,652,1,,
5/28/2022,Kings,NY,2022,148,9/5/2019,8/14/2020,996,652,5,,
5/29/2022,Bronx,NY,2022,149,9/5/2019,8/14/2020,997,653,1,,
5/29/2022,NY,NY,2022,149,9/5/2019,8/14/2020,997,653,1,,
5/29/2022,Richmond,NY,2022,149,9/5/2019,8/14/2020,997,653,3,,
5/29/2022,Kings,NY,2022,149,9/5/2019,8/14/2020,997,653,8,,
5/30/2022,NY,NY,2022,150,9/5/2019,8/14/2020,998,654,1,,
5/30/2022,Queens,NY,2022,150,9/5/2019,8/14/2020,998,654,1,,
5/30/2022,Kings,NY,2022,150,9/5/2019,8/14/2020,998,654,6,,
5/31/2022,Richmond,NY,2022,151,9/5/2019,8/14/2020,999,655,1,,
5/31/2022,NY,NY,2022,151,9/5/2019,8/14/2020,999,655,3,,
6/1/2022,NY,NY,2022,152,9/5/2019,8/14/2020,1000,656,1,,
6/1/2022,Kings,NY,2022,152,9/5/2019,8/14/2020,1000,656,2,,
6/2/2022,NY,NY,2022,153,9/5/2019,8/14/2020,1001,657,1,,
6/2/2022,Kings,NY,2022,153,9/5/2019,8/14/2020,1001,657,4,,
6/3/2022,Bronx,NY,2022,154,9/5/2019,8/14/2020,1002,658,1,,
6/3/2022,NY,NY,2022,154,9/5/2019,8/14/2020,1002,658,1,,
6/3/2022,Kings,NY,2022,154,9/5/2019,8/14/2020,1002,658,2,,
6/3/2022,Richmond,NY,2022,154,9/5/2019,8/14/2020,1002,658,3,,
6/4/2022,Richmond,NY,2022,155,9/5/2019,8/14/2020,1003,659,1,,
6/4/2022,NY,NY,2022,155,9/5/2019,8/14/2020,1003,659,2,,
6/4/2022,Queens,NY,2022,155,9/5/2019,8/14/2020,1003,659,2,,
6/4/2022,Kings,NY,2022,155,9/5/2019,8/14/2020,1003,659,4,,
6/5/2022,Richmond,NY,2022,156,9/5/2019,8/14/2020,1004,660,1,,
6/5/2022,Kings,NY,2022,156,9/5/2019,8/14/2020,1004,660,2,,
6/5/2022,NY,NY,2022,156,9/5/2019,8/14/2020,1004,660,4,,
6/6/2022,Kings,NY,2022,157,9/5/2019,8/14/2020,1005,661,1,,
6/6/2022,NY,NY,2022,157,9/5/2019,8/14/2020,1005,661,1,,
6/6/2022,Richmond,NY,2022,157,9/5/2019,8/14/2020,1005,661,3,,
6/7/2022,Kings,NY,2022,158,9/5/2019,8/14/2020,1006,662,2,,
6/7/2022,NY,NY,2022,158,9/5/2019,8/14/2020,1006,662,5,,
6/7/2022,Richmond,NY,2022,158,9/5/2019,8/14/2020,1006,662,5,,
6/8/2022,Bronx,NY,2022,159,9/5/2019,8/14/2020,1007,663,1,,
6/8/2022,Kings,NY,2022,159,9/5/2019,8/14/2020,1007,663,1,,
6/8/2022,Queens,NY,2022,159,9/5/2019,8/14/2020,1007,663,2,,
6/9/2022,Bronx,NY,2022,160,9/5/2019,8/14/2020,1008,664,1,,
6/9/2022,Kings,NY,2022,160,9/5/2019,8/14/2020,1008,664,1,,
6/9/2022,NY,NY,2022,160,9/5/2019,8/14/2020,1008,664,5,,
6/10/2022,Kings,NY,2022,161,9/5/2019,8/14/2020,1009,665,2,,
6/10/2022,NY,NY,2022,161,9/5/2019,8/14/2020,1009,665,2,,
6/11/2022,Richmond,NY,2022,162,9/5/2019,8/14/2020,1010,666,2,,
6/11/2022,NY,NY,2022,162,9/5/2019,8/14/2020,1010,666,4,,
6/11/2022,Kings,NY,2022,162,9/5/2019,8/14/2020,1010,666,5,,
6/12/2022,Queens,NY,2022,163,9/5/2019,8/14/2020,1011,667,1,,
6/12/2022,Richmond,NY,2022,163,9/5/2019,8/14/2020,1011,667,2,,
6/12/2022,Kings,NY,2022,163,9/5/2019,8/14/2020,1011,667,5,,
6/13/2022,Bronx,NY,2022,164,9/5/2019,8/14/2020,1012,668,1,,
6/13/2022,Queens,NY,2022,164,9/5/2019,8/14/2020,1012,668,1,,
6/13/2022,Kings,NY,2022,164,9/5/2019,8/14/2020,1012,668,2,,
6/13/2022,NY,NY,2022,164,9/5/2019,8/14/2020,1012,668,3,,
6/14/2022,Queens,NY,2022,165,9/5/2019,8/14/2020,1013,669,1,,
6/14/2022,NY,NY,2022,165,9/5/2019,8/14/2020,1013,669,4,,
6/14/2022,Richmond,NY,2022,165,9/5/2019,8/14/2020,1013,669,4,,
6/14/2022,Kings,NY,2022,165,9/5/2019,8/14/2020,1013,669,5,,
6/15/2022,Kings,NY,2022,166,9/5/2019,8/14/2020,1014,670,1,,
6/15/2022,Richmond,NY,2022,166,9/5/2019,8/14/2020,1014,670,1,,
6/15/2022,Bronx,NY,2022,166,9/5/2019,8/14/2020,1014,670,2,,
6/15/2022,NY,NY,2022,166,9/5/2019,8/14/2020,1014,670,5,,
6/16/2022,Kings,NY,2022,167,9/5/2019,8/14/2020,1015,671,3,,
6/17/2022,Bronx,NY,2022,168,9/5/2019,8/14/2020,1016,672,3,,
6/17/2022,Kings,NY,2022,168,9/5/2019,8/14/2020,1016,672,4,,
6/17/2022,Richmond,NY,2022,168,9/5/2019,8/14/2020,1016,672,4,,
6/18/2022,Richmond,NY,2022,169,9/5/2019,8/14/2020,1017,673,2,,
6/18/2022,Bronx,NY,2022,169,9/5/2019,8/14/2020,1017,673,4,,
6/18/2022,Kings,NY,2022,169,9/5/2019,8/14/2020,1017,673,5,,
6/18/2022,NY,NY,2022,169,9/5/2019,8/14/2020,1017,673,5,,
6/19/2022,Kings,NY,2022,170,9/5/2019,8/14/2020,1018,674,2,,
6/19/2022,Queens,NY,2022,170,9/5/2019,8/14/2020,1018,674,2,,
6/19/2022,NY,NY,2022,170,9/5/2019,8/14/2020,1018,674,3,,
6/19/2022,Richmond,NY,2022,170,9/5/2019,8/14/2020,1018,674,5,,
6/20/2022,Nassau,NY,2022,171,9/5/2019,8/14/2020,1019,675,1,,
6/20/2022,Richmond,NY,2022,171,9/5/2019,8/14/2020,1019,675,2,,
6/20/2022,Kings,NY,2022,171,9/5/2019,8/14/2020,1019,675,5,,
6/20/2022,NY,NY,2022,171,9/5/2019,8/14/2020,1019,675,6,,
6/21/2022,Richmond,NY,2022,172,9/5/2019,8/14/2020,1020,676,1,,
6/21/2022,Rockland,NY,2022,172,9/5/2019,8/14/2020,1020,676,1,,
6/21/2022,Kings,NY,2022,172,9/5/2019,8/14/2020,1020,676,3,,
6/21/2022,NY,NY,2022,172,9/5/2019,8/14/2020,1020,676,7,,
6/22/2022,Kings,NY,2022,173,9/5/2019,8/14/2020,1021,677,1,,
6/22/2022,Richmond,NY,2022,173,9/5/2019,8/14/2020,1021,677,2,,
6/23/2022,NY,NY,2022,174,9/5/2019,8/14/2020,1022,678,1,,
6/23/2022,Queens,NY,2022,174,9/5/2019,8/14/2020,1022,678,1,,
6/23/2022,Westchester,NY,2022,174,9/5/2019,8/14/2020,1022,678,1,,
6/23/2022,Kings,NY,2022,174,9/5/2019,8/14/2020,1022,678,7,,
6/24/2022,Bronx,NY,2022,175,9/5/2019,8/14/2020,1023,679,1,,
6/24/2022,Rockland,NY,2022,175,9/5/2019,8/14/2020,1023,679,1,,
6/24/2022,Westchester,NY,2022,175,9/5/2019,8/14/2020,1023,679,1,,
6/24/2022,Kings,NY,2022,175,9/5/2019,8/14/2020,1023,679,2,,
6/24/2022,NY,NY,2022,175,9/5/2019,8/14/2020,1023,679,5,,
6/24/2022,Richmond,NY,2022,175,9/5/2019,8/14/2020,1023,679,7,,
6/25/2022,Bronx,NY,2022,176,9/5/2019,8/14/2020,1024,680,1,,
6/25/2022,Kings,NY,2022,176,9/5/2019,8/14/2020,1024,680,1,,
6/25/2022,NY,NY,2022,176,9/5/2019,8/14/2020,1024,680,2,,
6/25/2022,Richmond,NY,2022,176,9/5/2019,8/14/2020,1024,680,4,,
6/26/2022,Westchester,NY,2022,177,9/5/2019,8/14/2020,1025,681,1,,
6/26/2022,Kings,NY,2022,177,9/5/2019,8/14/2020,1025,681,3,,
6/26/2022,NY,NY,2022,177,9/5/2019,8/14/2020,1025,681,3,,
6/27/2022,Bronx,NY,2022,178,9/5/2019,8/14/2020,1026,682,1,,
6/27/2022,Kings,NY,2022,178,9/5/2019,8/14/2020,1026,682,1,,
6/27/2022,Richmond,NY,2022,178,9/5/2019,8/14/2020,1026,682,1,,
6/28/2022,Nassau,NY,2022,179,9/5/2019,8/14/2020,1027,683,1,,
6/28/2022,Richmond,NY,2022,179,9/5/2019,8/14/2020,1027,683,1,,
6/28/2022,Bronx,NY,2022,179,9/5/2019,8/14/2020,1027,683,3,,
6/28/2022,Kings,NY,2022,179,9/5/2019,8/14/2020,1027,683,3,,
6/29/2022,Bronx,NY,2022,180,9/5/2019,8/14/2020,1028,684,1,,
6/29/2022,Kings,NY,2022,180,9/5/2019,8/14/2020,1028,684,2,,
6/29/2022,Richmond,NY,2022,180,9/5/2019,8/14/2020,1028,684,2,,
6/29/2022,NY,NY,2022,180,9/5/2019,8/14/2020,1028,684,4,,
6/30/2022,Queens,NY,2022,181,9/5/2019,8/14/2020,1029,685,1,,
6/30/2022,Kings,NY,2022,181,9/5/2019,8/14/2020,1029,685,2,,
6/30/2022,NY,NY,2022,181,9/5/2019,8/14/2020,1029,685,3,,
7/1/2022,NY,NY,2022,182,9/5/2019,8/14/2020,1030,686,1,,
7/1/2022,Bronx,NY,2022,182,9/5/2019,8/14/2020,1030,686,2,,
7/1/2022,Kings,NY,2022,182,9/5/2019,8/14/2020,1030,686,5,,
7/2/2022,Queens,NY,2022,183,9/5/2019,8/14/2020,1031,687,1,,
7/2/2022,NY,NY,2022,183,9/5/2019,8/14/2020,1031,687,3,,
7/2/2022,Richmond,NY,2022,183,9/5/2019,8/14/2020,1031,687,3,,
7/2/2022,Kings,NY,2022,183,9/5/2019,8/14/2020,1031,687,4,,
7/3/2022,Bronx,NY,2022,184,9/5/2019,8/14/2020,1032,688,1,,
7/3/2022,Queens,NY,2022,184,9/5/2019,8/14/2020,1032,688,1,,
7/3/2022,Kings,NY,2022,184,9/5/2019,8/14/2020,1032,688,4,,
7/3/2022,Richmond,NY,2022,184,9/5/2019,8/14/2020,1032,688,4,,
7/3/2022,NY,NY,2022,184,9/5/2019,8/14/2020,1032,688,30,,
7/4/2022,Richmond,NY,2022,185,9/5/2019,8/14/2020,1033,689,2,,
7/4/2022,Bronx,NY,2022,185,9/5/2019,8/14/2020,1033,689,3,,
7/4/2022,Kings,NY,2022,185,9/5/2019,8/14/2020,1033,689,3,,
7/4/2022,NY,NY,2022,185,9/5/2019,8/14/2020,1033,689,17,,
7/5/2022,Bronx,NY,2022,186,9/5/2019,8/14/2020,1034,690,1,,
7/5/2022,Richmond,NY,2022,186,9/5/2019,8/14/2020,1034,690,1,,
7/5/2022,NY,NY,2022,186,9/5/2019,8/14/2020,1034,690,2,,
7/5/2022,Kings,NY,2022,186,9/5/2019,8/14/2020,1034,690,6,,
7/6/2022,Bronx,NY,2022,187,9/5/2019,8/14/2020,1035,691,1,,
7/6/2022,Queens,NY,2022,187,9/5/2019,8/14/2020,1035,691,1,,
7/6/2022,Richmond,NY,2022,187,9/5/2019,8/14/2020,1035,691,1,,
7/6/2022,Kings,NY,2022,187,9/5/2019,8/14/2020,1035,691,5,,
7/6/2022,NY,NY,2022,187,9/5/2019,8/14/2020,1035,691,5,,
7/7/2022,Queens,NY,2022,188,9/5/2019,8/14/2020,1036,692,1,,
7/7/2022,Richmond,NY,2022,188,9/5/2019,8/14/2020,1036,692,3,,
7/7/2022,Kings,NY,2022,188,9/5/2019,8/14/2020,1036,692,4,,
7/7/2022,NY,NY,2022,188,9/5/2019,8/14/2020,1036,692,19,,
7/8/2022,Richmond,NY,2022,189,9/5/2019,8/14/2020,1037,693,1,,
7/8/2022,Queens,NY,2022,189,9/5/2019,8/14/2020,1037,693,2,,
7/8/2022,Bronx,NY,2022,189,9/5/2019,8/14/2020,1037,693,3,,
7/8/2022,NY,NY,2022,189,9/5/2019,8/14/2020,1037,693,4,,
7/8/2022,Kings,NY,2022,189,9/5/2019,8/14/2020,1037,693,5,,
7/9/2022,Queens,NY,2022,190,9/5/2019,8/14/2020,1038,694,3,,
7/9/2022,Kings,NY,2022,190,9/5/2019,8/14/2020,1038,694,4,,
7/9/2022,Richmond,NY,2022,190,9/5/2019,8/14/2020,1038,694,5,,
7/9/2022,NY,NY,2022,190,9/5/2019,8/14/2020,1038,694,23,,
7/10/2022,Bronx,NY,2022,191,9/5/2019,8/14/2020,1039,695,1,,
7/10/2022,Queens,NY,2022,191,9/5/2019,8/14/2020,1039,695,1,,
7/10/2022,Kings,NY,2022,191,9/5/2019,8/14/2020,1039,695,4,,
7/10/2022,Richmond,NY,2022,191,9/5/2019,8/14/2020,1039,695,8,,
7/10/2022,NY,NY,2022,191,9/5/2019,8/14/2020,1039,695,14,,
7/11/2022,Queens,NY,2022,192,9/5/2019,8/14/2020,1040,696,1,,
7/11/2022,Kings,NY,2022,192,9/5/2019,8/14/2020,1040,696,4,,
7/11/2022,Richmond,NY,2022,192,9/5/2019,8/14/2020,1040,696,4,,
7/11/2022,NY,NY,2022,192,9/5/2019,8/14/2020,1040,696,19,,
7/12/2022,Richmond,NY,2022,193,9/5/2019,8/14/2020,1041,697,1,,
7/12/2022,Kings,NY,2022,193,9/5/2019,8/14/2020,1041,697,4,,
7/12/2022,NY,NY,2022,193,9/5/2019,8/14/2020,1041,697,8,,
7/12/2022,Queens,NY,2022,193,9/5/2019,8/14/2020,1041,697,9,,
7/13/2022,Richmond,NY,2022,194,9/5/2019,8/14/2020,1042,698,1,,
7/13/2022,Bronx,NY,2022,194,9/5/2019,8/14/2020,1042,698,2,,
7/13/2022,Kings,NY,2022,194,9/5/2019,8/14/2020,1042,698,4,,
7/13/2022,NY,NY,2022,194,9/5/2019,8/14/2020,1042,698,6,,
7/14/2022,Bronx,NY,2022,195,9/5/2019,8/14/2020,1043,699,1,,
7/14/2022,Kings,NY,2022,195,9/5/2019,8/14/2020,1043,699,1,,
7/14/2022,Queens,NY,2022,195,9/5/2019,8/14/2020,1043,699,1,,
7/14/2022,Richmond,NY,2022,195,9/5/2019,8/14/2020,1043,699,2,,
7/14/2022,NY,NY,2022,195,9/5/2019,8/14/2020,1043,699,3,,
7/15/2022,Queens,NY,2022,196,9/5/2019,8/14/2020,1044,700,1,,
7/15/2022,Richmond,NY,2022,196,9/5/2019,8/14/2020,1044,700,1,,
7/15/2022,Bronx,NY,2022,196,9/5/2019,8/14/2020,1044,700,2,,
7/15/2022,Kings,NY,2022,196,9/5/2019,8/14/2020,1044,700,3,,
7/15/2022,NY,NY,2022,196,9/5/2019,8/14/2020,1044,700,12,,
7/16/2022,Richmond,NY,2022,197,9/5/2019,8/14/2020,1045,701,2,,
7/16/2022,Bronx,NY,2022,197,9/5/2019,8/14/2020,1045,701,4,,
7/16/2022,Kings,NY,2022,197,9/5/2019,8/14/2020,1045,701,7,,
7/16/2022,NY,NY,2022,197,9/5/2019,8/14/2020,1045,701,9,,
7/17/2022,Bronx,NY,2022,198,9/5/2019,8/14/2020,1046,702,2,,
7/17/2022,Richmond,NY,2022,198,9/5/2019,8/14/2020,1046,702,2,,
7/17/2022,Kings,NY,2022,198,9/5/2019,8/14/2020,1046,702,5,,
7/17/2022,NY,NY,2022,198,9/5/2019,8/14/2020,1046,702,16,,
7/18/2022,Richmond,NY,2022,199,9/5/2019,8/14/2020,1047,703,2,,
7/18/2022,NY,NY,2022,199,9/5/2019,8/14/2020,1047,703,3,,
7/18/2022,Kings,NY,2022,199,9/5/2019,8/14/2020,1047,703,5,,
7/19/2022,Bronx,NY,2022,200,9/5/2019,8/14/2020,1048,704,1,,
7/19/2022,Westchester,NY,2022,200,9/5/2019,8/14/2020,1048,704,1,,
7/19/2022,Richmond,NY,2022,200,9/5/2019,8/14/2020,1048,704,2,,
7/19/2022,Kings,NY,2022,200,9/5/2019,8/14/2020,1048,704,5,,
7/19/2022,NY,NY,2022,200,9/5/2019,8/14/2020,1048,704,29,,
7/20/2022,Bronx,NY,2022,201,9/5/2019,8/14/2020,1049,705,1,,
7/20/2022,Kings,NY,2022,201,9/5/2019,8/14/2020,1049,705,1,,
7/20/2022,Westchester,NY,2022,201,9/5/2019,8/14/2020,1049,705,1,,
7/20/2022,NY,NY,2022,201,9/5/2019,8/14/2020,1049,705,4,,
7/20/2022,Richmond,NY,2022,201,9/5/2019,8/14/2020,1049,705,6,,
7/21/2022,Bronx,NY,2022,202,9/5/2019,8/14/2020,1050,706,1,,
7/21/2022,Queens,NY,2022,202,9/5/2019,8/14/2020,1050,706,1,,
7/21/2022,Kings,NY,2022,202,9/5/2019,8/14/2020,1050,706,6,,
7/21/2022,NY,NY,2022,202,9/5/2019,8/14/2020,1050,706,6,,
7/22/2022,Richmond,NY,2022,203,9/5/2019,8/14/2020,1051,707,1,,
7/22/2022,Bronx,NY,2022,203,9/5/2019,8/14/2020,1051,707,2,,
7/22/2022,Queens,NY,2022,203,9/5/2019,8/14/2020,1051,707,3,,
7/22/2022,Kings,NY,2022,203,9/5/2019,8/14/2020,1051,707,4,,
7/22/2022,NY,NY,2022,203,9/5/2019,8/14/2020,1051,707,7,,
7/23/2022,Bronx,NY,2022,204,9/5/2019,8/14/2020,1052,708,1,,
7/23/2022,Nassau,NY,2022,204,9/5/2019,8/14/2020,1052,708,1,,
7/23/2022,Ulster,NY,2022,204,9/5/2019,8/14/2020,1052,708,1,,
7/23/2022,Kings,NY,2022,204,9/5/2019,8/14/2020,1052,708,7,,
7/23/2022,NY,NY,2022,204,9/5/2019,8/14/2020,1052,708,7,,
7/24/2022,Queens,NY,2022,205,9/5/2019,8/14/2020,1053,709,1,,
7/24/2022,Richmond,NY,2022,205,9/5/2019,8/14/2020,1053,709,1,,
7/24/2022,Westchester,NY,2022,205,9/5/2019,8/14/2020,1053,709,1,,
7/24/2022,Kings,NY,2022,205,9/5/2019,8/14/2020,1053,709,4,,
7/24/2022,NY,NY,2022,205,9/5/2019,8/14/2020,1053,709,7,,
7/25/2022,Bronx,NY,2022,206,9/5/2019,8/14/2020,1054,710,1,,
7/25/2022,Westchester,NY,2022,206,9/5/2019,8/14/2020,1054,710,1,,
7/25/2022,Kings,NY,2022,206,9/5/2019,8/14/2020,1054,710,5,,
7/25/2022,NY,NY,2022,206,9/5/2019,8/14/2020,1054,710,11,,
7/26/2022,Queens,NY,2022,207,9/5/2019,8/14/2020,1055,711,2,,
7/26/2022,Bronx,NY,2022,207,9/5/2019,8/14/2020,1055,711,3,,
7/26/2022,Kings,NY,2022,207,9/5/2019,8/14/2020,1055,711,6,,
7/26/2022,NY,NY,2022,207,9/5/2019,8/14/2020,1055,711,38,,
7/27/2022,Nassau,NY,2022,208,9/5/2019,8/14/2020,1056,712,1,,
7/27/2022,Putnam,NY,2022,208,9/5/2019,8/14/2020,1056,712,1,,
7/27/2022,Richmond,NY,2022,208,9/5/2019,8/14/2020,1056,712,1,,
7/27/2022,Queens,NY,2022,208,9/5/2019,8/14/2020,1056,712,2,,
7/27/2022,Kings,NY,2022,208,9/5/2019,8/14/2020,1056,712,3,,
7/27/2022,Bronx,NY,2022,208,9/5/2019,8/14/2020,1056,712,5,,
7/27/2022,NY,NY,2022,208,9/5/2019,8/14/2020,1056,712,15,,
7/28/2022,Nassau,NY,2022,209,9/5/2019,8/14/2020,1057,713,1,,
7/28/2022,Richmond,NY,2022,209,9/5/2019,8/14/2020,1057,713,2,,
7/28/2022,Bronx,NY,2022,209,9/5/2019,8/14/2020,1057,713,3,,
7/28/2022,Queens,NY,2022,209,9/5/2019,8/14/2020,1057,713,3,,
7/28/2022,Kings,NY,2022,209,9/5/2019,8/14/2020,1057,713,6,,
7/28/2022,NY,NY,2022,209,9/5/2019,8/14/2020,1057,713,9,,
7/29/2022,Richmond,NY,2022,210,9/5/2019,8/14/2020,1058,714,1,,
7/29/2022,Westchester,NY,2022,210,9/5/2019,8/14/2020,1058,714,1,,
7/29/2022,Queens,NY,2022,210,9/5/2019,8/14/2020,1058,714,2,,
7/29/2022,Bronx,NY,2022,210,9/5/2019,8/14/2020,1058,714,3,,
7/29/2022,NY,NY,2022,210,9/5/2019,8/14/2020,1058,714,6,,
7/29/2022,Kings,NY,2022,210,9/5/2019,8/14/2020,1058,714,9,,
7/30/2022,Greene,NY,2022,211,9/5/2019,8/14/2020,1059,715,1,,
7/30/2022,Otsego,NY,2022,211,9/5/2019,8/14/2020,1059,715,1,,
7/30/2022,Rockland,NY,2022,211,9/5/2019,8/14/2020,1059,715,1,,
7/30/2022,Westchester,NY,2022,211,9/5/2019,8/14/2020,1059,715,1,,
7/30/2022,Richmond,NY,2022,211,9/5/2019,8/14/2020,1059,715,2,,
7/30/2022,Queens,NY,2022,211,9/5/2019,8/14/2020,1059,715,6,,
7/30/2022,Kings,NY,2022,211,9/5/2019,8/14/2020,1059,715,7,,
7/30/2022,NY,NY,2022,211,9/5/2019,8/14/2020,1059,715,20,,
7/31/2022,Richmond,NY,2022,212,9/5/2019,8/14/2020,1060,716,1,,
7/31/2022,Suffolk,NY,2022,212,9/5/2019,8/14/2020,1060,716,1,,
7/31/2022,Ulster,NY,2022,212,9/5/2019,8/14/2020,1060,716,1,,
7/31/2022,Bronx,NY,2022,212,9/5/2019,8/14/2020,1060,716,2,,
7/31/2022,Queens,NY,2022,212,9/5/2019,8/14/2020,1060,716,2,,
7/31/2022,Westchester,NY,2022,212,9/5/2019,8/14/2020,1060,716,2,,
7/31/2022,Kings,NY,2022,212,9/5/2019,8/14/2020,1060,716,8,,
7/31/2022,NY,NY,2022,212,9/5/2019,8/14/2020,1060,716,23,,
8/1/2022,Bronx,NY,2022,213,9/5/2019,8/14/2020,1061,717,2,,
8/1/2022,Queens,NY,2022,213,9/5/2019,8/14/2020,1061,717,2,,
8/1/2022,Richmond,NY,2022,213,9/5/2019,8/14/2020,1061,717,3,,
8/1/2022,Kings,NY,2022,213,9/5/2019,8/14/2020,1061,717,4,,
8/1/2022,NY,NY,2022,213,9/5/2019,8/14/2020,1061,717,20,,
8/2/2022,Queens,NY,2022,214,9/5/2019,8/14/2020,1062,718,1,,
8/2/2022,Rockland,NY,2022,214,9/5/2019,8/14/2020,1062,718,1,,
8/2/2022,Westchester,NY,2022,214,9/5/2019,8/14/2020,1062,718,2,,
8/2/2022,Bronx,NY,2022,214,9/5/2019,8/14/2020,1062,718,3,,
8/2/2022,Richmond,NY,2022,214,9/5/2019,8/14/2020,1062,718,3,,
8/2/2022,Kings,NY,2022,214,9/5/2019,8/14/2020,1062,718,9,,
8/2/2022,NY,NY,2022,214,9/5/2019,8/14/2020,1062,718,45,,
8/3/2022,Suffolk,NY,2022,215,9/5/2019,8/14/2020,1063,719,1,,
8/3/2022,Bronx,NY,2022,215,9/5/2019,8/14/2020,1063,719,2,,
8/3/2022,Westchester,NY,2022,215,9/5/2019,8/14/2020,1063,719,2,,
8/3/2022,Queens,NY,2022,215,9/5/2019,8/14/2020,1063,719,4,,
8/3/2022,Richmond,NY,2022,215,9/5/2019,8/14/2020,1063,719,4,,
8/3/2022,Kings,NY,2022,215,9/5/2019,8/14/2020,1063,719,7,,
8/3/2022,NY,NY,2022,215,9/5/2019,8/14/2020,1063,719,44,,
8/4/2022,Westchester,NY,2022,216,9/5/2019,8/14/2020,1064,720,3,,
8/4/2022,Queens,NY,2022,216,9/5/2019,8/14/2020,1064,720,4,,
8/4/2022,Bronx,NY,2022,216,9/5/2019,8/14/2020,1064,720,5,,
8/4/2022,Kings,NY,2022,216,9/5/2019,8/14/2020,1064,720,6,,
8/4/2022,NY,NY,2022,216,9/5/2019,8/14/2020,1064,720,24,,
8/5/2022,Bronx,NY,2022,217,9/5/2019,8/14/2020,1065,721,1,,
8/5/2022,Rockland,NY,2022,217,9/5/2019,8/14/2020,1065,721,1,,
8/5/2022,Westchester,NY,2022,217,9/5/2019,8/14/2020,1065,721,1,,
8/5/2022,Kings,NY,2022,217,9/5/2019,8/14/2020,1065,721,11,,
8/5/2022,Queens,NY,2022,217,9/5/2019,8/14/2020,1065,721,13,,
8/5/2022,NY,NY,2022,217,9/5/2019,8/14/2020,1065,721,17,,
8/6/2022,Delaware,NY,2022,218,9/5/2019,8/14/2020,1066,722,1,,
8/6/2022,Richmond,NY,2022,218,9/5/2019,8/14/2020,1066,722,4,,
8/6/2022,Kings,NY,2022,218,9/5/2019,8/14/2020,1066,722,7,,
8/6/2022,Queens,NY,2022,218,9/5/2019,8/14/2020,1066,722,7,,
8/6/2022,NY,NY,2022,218,9/5/2019,8/14/2020,1066,722,10,,
8/7/2022,Nassau,NY,2022,219,9/5/2019,8/14/2020,1067,723,1,,
8/7/2022,Queens,NY,2022,219,9/5/2019,8/14/2020,1067,723,1,,
8/7/2022,Suffolk,NY,2022,219,9/5/2019,8/14/2020,1067,723,1,,
8/7/2022,Westchester,NY,2022,219,9/5/2019,8/14/2020,1067,723,2,,
8/7/2022,Richmond,NY,2022,219,9/5/2019,8/14/2020,1067,723,5,,
8/7/2022,Kings,NY,2022,219,9/5/2019,8/14/2020,1067,723,8,,
8/7/2022,NY,NY,2022,219,9/5/2019,8/14/2020,1067,723,18,,
8/8/2022,Richmond,NY,2022,220,9/5/2019,8/14/2020,1068,724,1,,
8/8/2022,Queens,NY,2022,220,9/5/2019,8/14/2020,1068,724,4,,
8/8/2022,NY,NY,2022,220,9/5/2019,8/14/2020,1068,724,7,,
8/8/2022,Kings,NY,2022,220,9/5/2019,8/14/2020,1068,724,10,,
8/9/2022,Bronx,NY,2022,221,9/5/2019,8/14/2020,1069,725,1,,
8/9/2022,Nassau,NY,2022,221,9/5/2019,8/14/2020,1069,725,1,,
8/9/2022,Queens,NY,2022,221,9/5/2019,8/14/2020,1069,725,1,,
8/9/2022,Westchester,NY,2022,221,9/5/2019,8/14/2020,1069,725,2,,
8/9/2022,Kings,NY,2022,221,9/5/2019,8/14/2020,1069,725,4,,
8/9/2022,NY,NY,2022,221,9/5/2019,8/14/2020,1069,725,5,,
8/10/2022,Richmond,NY,2022,222,9/5/2019,8/14/2020,1070,726,1,,
8/10/2022,Rockland,NY,2022,222,9/5/2019,8/14/2020,1070,726,1,,
8/10/2022,Westchester,NY,2022,222,9/5/2019,8/14/2020,1070,726,1,,
8/10/2022,Kings,NY,2022,222,9/5/2019,8/14/2020,1070,726,2,,
8/10/2022,Queens,NY,2022,222,9/5/2019,8/14/2020,1070,726,5,,
8/10/2022,NY,NY,2022,222,9/5/2019,8/14/2020,1070,726,19,,
8/11/2022,Queens,NY,2022,223,9/5/2019,8/14/2020,1071,727,1,,
8/11/2022,Richmond,NY,2022,223,9/5/2019,8/14/2020,1071,727,1,,
8/11/2022,Westchester,NY,2022,223,9/5/2019,8/14/2020,1071,727,1,,
8/11/2022,Suffolk,NY,2022,223,9/5/2019,8/14/2020,1071,727,2,,
8/11/2022,Bronx,NY,2022,223,9/5/2019,8/14/2020,1071,727,4,,
8/11/2022,Kings,NY,2022,223,9/5/2019,8/14/2020,1071,727,4,,
8/11/2022,NY,NY,2022,223,9/5/2019,8/14/2020,1071,727,18,,
8/12/2022,Bronx,NY,2022,224,9/5/2019,8/14/2020,1072,728,1,,
8/12/2022,Queens,NY,2022,224,9/5/2019,8/14/2020,1072,728,1,,
8/12/2022,Westchester,NY,2022,224,9/5/2019,8/14/2020,1072,728,1,,
8/12/2022,Nassau,NY,2022,224,9/5/2019,8/14/2020,1072,728,2,,
8/12/2022,Kings,NY,2022,224,9/5/2019,8/14/2020,1072,728,5,,
8/12/2022,NY,NY,2022,224,9/5/2019,8/14/2020,1072,728,14,,
8/13/2022,Bronx,NY,2022,225,9/5/2019,8/14/2020,1073,729,1,,
8/13/2022,Queens,NY,2022,225,9/5/2019,8/14/2020,1073,729,2,,
8/13/2022,Kings,NY,2022,225,9/5/2019,8/14/2020,1073,729,3,,
8/13/2022,NY,NY,2022,225,9/5/2019,8/14/2020,1073,729,17,,
8/14/2022,Richmond,NY,2022,226,9/5/2019,8/14/2020,1074,730,1,,
8/14/2022,Queens,NY,2022,226,9/5/2019,8/14/2020,1074,730,2,,
8/14/2022,Kings,NY,2022,226,9/5/2019,8/14/2020,1074,730,3,,
8/14/2022,NY,NY,2022,226,9/5/2019,8/14/2020,1074,730,6,,
8/15/2022,Queens,NY,2022,227,9/5/2019,8/14/2020,1075,731,1,,
8/15/2022,Rockland,NY,2022,227,9/5/2019,8/14/2020,1075,731,1,,
8/15/2022,Kings,NY,2022,227,9/5/2019,8/14/2020,1075,731,3,,
8/15/2022,NY,NY,2022,227,9/5/2019,8/14/2020,1075,731,10,,
8/16/2022,Richmond,NY,2022,228,9/5/2019,8/14/2020,1076,732,1,,
8/16/2022,Saratoga,NY,2022,228,9/5/2019,8/14/2020,1076,732,1,,
8/16/2022,Westchester,NY,2022,228,9/5/2019,8/14/2020,1076,732,2,,
8/16/2022,Kings,NY,2022,228,9/5/2019,8/14/2020,1076,732,3,,
8/16/2022,Queens,NY,2022,228,9/5/2019,8/14/2020,1076,732,4,,
8/16/2022,NY,NY,2022,228,9/5/2019,8/14/2020,1076,732,27,,
8/17/2022,Nassau,NY,2022,229,9/5/2019,8/14/2020,1077,733,1,,
8/17/2022,Queens,NY,2022,229,9/5/2019,8/14/2020,1077,733,1,,
8/17/2022,Westchester,NY,2022,229,9/5/2019,8/14/2020,1077,733,1,,
8/17/2022,Kings,NY,2022,229,9/5/2019,8/14/2020,1077,733,2,,
8/17/2022,Richmond,NY,2022,229,9/5/2019,8/14/2020,1077,733,2,,
8/17/2022,Bronx,NY,2022,229,9/5/2019,8/14/2020,1077,733,3,,
8/17/2022,NY,NY,2022,229,9/5/2019,8/14/2020,1077,733,8,,
8/18/2022,Nassau,NY,2022,230,9/5/2019,8/14/2020,1078,734,1,,
8/18/2022,Richmond,NY,2022,230,9/5/2019,8/14/2020,1078,734,1,,
8/18/2022,Kings,NY,2022,230,9/5/2019,8/14/2020,1078,734,3,,
8/18/2022,Queens,NY,2022,230,9/5/2019,8/14/2020,1078,734,5,,
8/18/2022,NY,NY,2022,230,9/5/2019,8/14/2020,1078,734,11,,
8/19/2022,Orange,NY,2022,231,9/5/2019,8/14/2020,1079,735,1,,
8/19/2022,Richmond,NY,2022,231,9/5/2019,8/14/2020,1079,735,1,,
8/19/2022,Queens,NY,2022,231,9/5/2019,8/14/2020,1079,735,2,,
8/19/2022,Kings,NY,2022,231,9/5/2019,8/14/2020,1079,735,14,,
8/19/2022,NY,NY,2022,231,9/5/2019,8/14/2020,1079,735,36,,
8/20/2022,Nassau,NY,2022,232,9/5/2019,8/14/2020,1080,736,1,,
8/20/2022,Rockland,NY,2022,232,9/5/2019,8/14/2020,1080,736,1,,
8/20/2022,Westchester,NY,2022,232,9/5/2019,8/14/2020,1080,736,1,,
8/20/2022,Bronx,NY,2022,232,9/5/2019,8/14/2020,1080,736,2,,
8/20/2022,Kings,NY,2022,232,9/5/2019,8/14/2020,1080,736,3,,
8/20/2022,Queens,NY,2022,232,9/5/2019,8/14/2020,1080,736,3,,
8/20/2022,Richmond,NY,2022,232,9/5/2019,8/14/2020,1080,736,3,,
8/20/2022,NY,NY,2022,232,9/5/2019,8/14/2020,1080,736,20,,
8/21/2022,Queens,NY,2022,233,9/5/2019,8/14/2020,1081,737,1,,
8/21/2022,Richmond,NY,2022,233,9/5/2019,8/14/2020,1081,737,1,,
8/21/2022,Suffolk,NY,2022,233,9/5/2019,8/14/2020,1081,737,1,,
8/21/2022,Westchester,NY,2022,233,9/5/2019,8/14/2020,1081,737,1,,
8/21/2022,Bronx,NY,2022,233,9/5/2019,8/14/2020,1081,737,2,,
8/21/2022,Kings,NY,2022,233,9/5/2019,8/14/2020,1081,737,3,,
8/21/2022,NY,NY,2022,233,9/5/2019,8/14/2020,1081,737,9,,
8/22/2022,Kings,NY,2022,234,9/5/2019,8/14/2020,1082,738,1,,
8/22/2022,Nassau,NY,2022,234,9/5/2019,8/14/2020,1082,738,1,,
8/22/2022,Queens,NY,2022,234,9/5/2019,8/14/2020,1082,738,1,,
8/22/2022,Westchester,NY,2022,234,9/5/2019,8/14/2020,1082,738,1,,
8/22/2022,NY,NY,2022,234,9/5/2019,8/14/2020,1082,738,4,,
8/23/2022,Bronx,NY,2022,235,9/5/2019,8/14/2020,1083,739,1,,
8/23/2022,Nassau,NY,2022,235,9/5/2019,8/14/2020,1083,739,1,,
8/23/2022,Queens,NY,2022,235,9/5/2019,8/14/2020,1083,739,1,,
8/23/2022,Westchester,NY,2022,235,9/5/2019,8/14/2020,1083,739,2,,
8/23/2022,Kings,NY,2022,235,9/5/2019,8/14/2020,1083,739,5,,
8/23/2022,NY,NY,2022,235,9/5/2019,8/14/2020,1083,739,18,,
8/24/2022,Bronx,NY,2022,236,9/5/2019,8/14/2020,1084,740,1,,
8/24/2022,Richmond,NY,2022,236,9/5/2019,8/14/2020,1084,740,1,,
8/24/2022,Westchester,NY,2022,236,9/5/2019,8/14/2020,1084,740,1,,
8/24/2022,Queens,NY,2022,236,9/5/2019,8/14/2020,1084,740,2,,
8/24/2022,NY,NY,2022,236,9/5/2019,8/14/2020,1084,740,9,,
8/24/2022,Kings,NY,2022,236,9/5/2019,8/14/2020,1084,740,16,,
8/25/2022,Bronx,NY,2022,237,9/5/2019,8/14/2020,1085,741,1,,
8/25/2022,Queens,NY,2022,237,9/5/2019,8/14/2020,1085,741,3,,
8/25/2022,Kings,NY,2022,237,9/5/2019,8/14/2020,1085,741,4,,
8/25/2022,NY,NY,2022,237,9/5/2019,8/14/2020,1085,741,13,,
8/26/2022,Kings,NY,2022,238,9/5/2019,8/14/2020,1086,742,1,,
8/26/2022,Richmond,NY,2022,238,9/5/2019,8/14/2020,1086,742,1,,
8/26/2022,Queens,NY,2022,238,9/5/2019,8/14/2020,1086,742,3,,
8/26/2022,NY,NY,2022,238,9/5/2019,8/14/2020,1086,742,26,,
8/27/2022,Bronx,NY,2022,239,9/5/2019,8/14/2020,1087,743,1,,
8/27/2022,Nassau,NY,2022,239,9/5/2019,8/14/2020,1087,743,2,,
8/27/2022,Queens,NY,2022,239,9/5/2019,8/14/2020,1087,743,2,,
8/27/2022,Kings,NY,2022,239,9/5/2019,8/14/2020,1087,743,3,,
8/27/2022,Richmond,NY,2022,239,9/5/2019,8/14/2020,1087,743,5,,
8/27/2022,NY,NY,2022,239,9/5/2019,8/14/2020,1087,743,7,,
8/28/2022,Rockland,NY,2022,240,9/5/2019,8/14/2020,1088,744,1,,
8/28/2022,Westchester,NY,2022,240,9/5/2019,8/14/2020,1088,744,1,,
8/28/2022,Bronx,NY,2022,240,9/5/2019,8/14/2020,1088,744,2,,
8/28/2022,Kings,NY,2022,240,9/5/2019,8/14/2020,1088,744,4,,
8/28/2022,NY,NY,2022,240,9/5/2019,8/14/2020,1088,744,5,,
8/29/2022,Kings,NY,2022,241,9/5/2019,8/14/2020,1089,745,1,,
8/29/2022,Queens,NY,2022,241,9/5/2019,8/14/2020,1089,745,1,,
8/29/2022,Richmond,NY,2022,241,9/5/2019,8/14/2020,1089,745,1,,
8/29/2022,Westchester,NY,2022,241,9/5/2019,8/14/2020,1089,745,2,,
8/29/2022,NY,NY,2022,241,9/5/2019,8/14/2020,1089,745,6,,
8/30/2022,Bronx,NY,2022,242,9/5/2019,8/14/2020,1090,746,1,,
8/30/2022,NY,NY,2022,242,9/5/2019,8/14/2020,1090,746,3,,
8/30/2022,Queens,NY,2022,242,9/5/2019,8/14/2020,1090,746,4,,
8/31/2022,Bronx,NY,2022,243,9/5/2019,8/14/2020,1091,747,1,,
8/31/2022,Ulster,NY,2022,243,9/5/2019,8/14/2020,1091,747,1,,
8/31/2022,Queens,NY,2022,243,9/5/2019,8/14/2020,1091,747,2,,
8/31/2022,NY,NY,2022,243,9/5/2019,8/14/2020,1091,747,11,,
9/1/2022,Broome,NY,2022,244,9/5/2019,8/14/2020,1092,748,1,,
9/1/2022,Tompkins,NY,2022,244,9/5/2019,8/14/2020,1092,748,1,,
9/1/2022,Kings,NY,2022,244,9/5/2019,8/14/2020,1092,748,2,,
9/1/2022,Queens,NY,2022,244,9/5/2019,8/14/2020,1092,748,5,,
9/1/2022,NY,NY,2022,244,9/5/2019,8/14/2020,1092,748,8,,
9/2/2022,NY,NY,2022,245,9/5/2019,8/14/2020,1093,749,1,,
9/2/2022,Kings,NY,2022,245,9/5/2019,8/14/2020,1093,749,5,,
9/3/2022,Kings,NY,2022,246,9/5/2019,8/14/2020,1094,750,1,,
9/3/2022,Queens,NY,2022,246,9/5/2019,8/14/2020,1094,750,2,,
9/3/2022,NY,NY,2022,246,9/5/2019,8/14/2020,1094,750,15,,
9/4/2022,Richmond,NY,2022,247,9/5/2019,8/14/2020,1095,751,1,,
9/4/2022,Queens,NY,2022,247,9/5/2019,8/14/2020,1095,751,2,,
9/4/2022,Westchester,NY,2022,247,9/5/2019,8/14/2020,1095,751,2,,
9/4/2022,Kings,NY,2022,247,9/5/2019,8/14/2020,1095,751,6,,
9/4/2022,NY,NY,2022,247,9/5/2019,8/14/2020,1095,751,24,,
9/5/2022,Westchester,NY,2022,248,9/5/2019,8/14/2020,1096,752,1,,
9/5/2022,Kings,NY,2022,248,9/5/2019,8/14/2020,1096,752,2,,
9/5/2022,Nassau,NY,2022,248,9/5/2019,8/14/2020,1096,752,2,,
9/5/2022,Queens,NY,2022,248,9/5/2019,8/14/2020,1096,752,4,,
9/5/2022,NY,NY,2022,248,9/5/2019,8/14/2020,1096,752,21,,
9/6/2022,Richmond,NY,2022,249,9/5/2019,8/14/2020,1097,753,1,,
9/6/2022,Queens,NY,2022,249,9/5/2019,8/14/2020,1097,753,2,,
9/6/2022,NY,NY,2022,249,9/5/2019,8/14/2020,1097,753,4,,
9/7/2022,Queens,NY,2022,250,9/5/2019,8/14/2020,1098,754,1,,
9/7/2022,Kings,NY,2022,250,9/5/2019,8/14/2020,1098,754,4,,
9/7/2022,NY,NY,2022,250,9/5/2019,8/14/2020,1098,754,13,,
9/8/2022,Bronx,NY,2022,251,9/5/2019,8/14/2020,1099,755,1,,
9/8/2022,Kings,NY,2022,251,9/5/2019,8/14/2020,1099,755,1,,
9/8/2022,Nassau,NY,2022,251,9/5/2019,8/14/2020,1099,755,1,,
9/8/2022,Queens,NY,2022,251,9/5/2019,8/14/2020,1099,755,1,,
9/8/2022,Richmond,NY,2022,251,9/5/2019,8/14/2020,1099,755,1,,
9/8/2022,NY,NY,2022,251,9/5/2019,8/14/2020,1099,755,13,,
9/9/2022,Queens,NY,2022,252,9/5/2019,8/14/2020,1100,756,1,,
